,OSMID,pred_mean_wi,pred_std_wi
0,27565068,53.44321673942186,12.972118652523898
1,254528943,50.103385636896846,13.532820216562612
2,331139689,54.01042475782164,12.94276774549152
3,331139740,55.42016656147705,13.274662385965378
4,331142069,52.07577602807305,12.84729642793982
5,331144234,51.51312744055226,13.86471485703647
6,331151099,48.56593556008694,13.462653127259635
7,331155527,52.30638065720957,12.568110544188018
8,331157135,52.053866959091366,13.551724615552972
9,339582598,52.08732935267954,12.41980750863614
10,667654938,48.3521085000471,12.346661368414475
11,667664658,46.11426561568765,12.484927898478631
12,667673760,47.11362429980227,12.03736447719094
13,925697533,44.57685032511418,12.836149596085097
14,925697921,43.41479225569011,13.309408317490867
15,925710565,51.82805689167918,13.522318423077657
16,925714106,47.35663984142802,13.626294588207557
17,925723766,54.10852655207933,13.233901489137718
18,925724571,47.58244990884021,13.655700780682873
19,925725587,51.314802724766395,14.073106676524795
20,926024447,48.9903081507691,13.90770163135989
21,926027458,51.064667997987534,13.687247475383762
22,926800039,54.75126477902932,12.990715971123302
23,926835172,48.32211449548191,12.532948395350282
24,926860006,49.67371074563785,13.141689213088346
25,927078063,49.333285858218844,12.606058695060211
26,927113108,46.11426561568765,12.484927898478631
27,1252235302,51.2353678596276,12.924098155652246
28,1253870271,53.66226804395189,13.120421688075776
29,1827771047,53.01485333188808,12.950328567653942
30,1827771079,52.77635173688251,12.991627334580715
31,1827907492,53.12450845075226,12.81397339199646
32,1827907498,51.62705874143947,13.24864301201238
33,2035490237,51.77285146906418,12.632532571990561
34,2178082104,50.39283407437197,12.562852608146013
35,2178082107,46.58389674770487,13.4440388228633
36,2178082108,48.49744333054247,13.449296758905305
37,2178082109,42.82012490833996,12.495114550368935
38,2178082110,44.704523812032235,12.153033258004772
39,2178082112,44.69627285494396,12.032957264130099
40,2178082113,50.99474064781185,12.527349647360356
41,2178082114,42.219566375706734,12.045121260066255
42,2178082115,54.12007987668582,12.806412569834038
43,2178082117,53.365506968489086,13.592485512380632
44,2178082119,49.56985644875145,13.597242244365155
45,2178082121,49.19689464627766,13.3542969956887
46,2178082122,44.0192953066434,12.394504370306551
47,2178082127,46.790032146201185,12.38570846533325
48,2178082128,48.656373033196786,13.143690877090332
49,2178082130,49.87757556948466,13.503414024087295
50,2178082132,42.286595720194576,12.559536578171478
51,2178082133,45.17415494404946,13.112144182389443
52,2178082134,51.51312744055226,13.86471485703647
53,2178082135,50.99474064781185,12.527349647360356
54,2178082138,46.11426561568765,12.484927898478631
55,2178082139,44.31572181668696,12.477246294464422
56,2178082144,42.82012490833996,12.495114550368935
57,2178082147,45.20960542833896,12.32923236339044
58,2178082151,45.20960542833896,12.32923236339044
59,2178090546,54.99629249219584,13.202729238110438
60,2288519259,49.77467921350264,13.520872356668217
61,2288519271,50.601921277031046,13.631116279688769
62,2511509409,43.7059706508969,11.9413713001852
63,2557151229,51.31080923127601,12.57567136635044
64,2557206314,51.97767423381536,12.556162684293623
65,2562335437,45.579303962828,12.974381858343191
66,2583534323,47.48434811458252,13.364567037036677
67,2751567368,43.927126539778,13.288112797453243
68,2751567369,45.767282002568855,12.475787493236327
69,2751567373,41.70680961472811,12.245961834052947
70,2751567375,44.35754019891344,12.14389285276247
71,2929358917,51.97767423381536,12.556162684293623
72,2983662346,44.88262875674151,12.773353070964816
73,2983662748,41.87900213412009,12.506347053403584
74,3013074953,48.136260668827944,13.071522123785371
75,3300964489,43.49822230170676,12.15604796755779
76,3300964498,42.30779062425208,12.51641007040656
77,3300964529,44.366278919762195,12.403644775548855
78,3300964548,44.704523812032235,12.153033258004772
79,3300965072,44.81928594450876,12.190524016501186
80,3300967316,43.167108521458765,12.50425495561124
81,3300967680,42.22598574723889,12.515487458645888
82,3300968258,42.413814035879845,12.294148906116586
83,3300968445,42.528576168356366,12.331639664613
84,3450710257,47.32356133434658,12.321286437530707
85,3601427741,45.66125859094108,12.698048657526298
86,3601434595,47.99142189017968,12.448131315082284
87,3601890937,47.44707731453787,13.307332338038254
88,3601892360,45.01267698128761,13.12581882118417
89,3601977206,45.314274977822286,12.688908252283994
90,3601998292,43.67986528243739,12.303414381624545
91,3601998352,46.11426561568765,12.484927898478631
92,3602059225,44.704523812032235,12.153033258004772
93,3602066621,42.30779062425208,12.51641007040656
94,3602084492,46.05036755955948,13.508460850665843
95,3602159393,45.926287575946795,12.983522263585495
96,3602161392,41.82157174720463,12.283452592549361
97,3602168413,45.12629693808143,13.18750261739086
98,3602190233,45.20960542833896,12.32923236339044
99,3602255419,45.66125859094108,12.698048657526298
100,3602336674,45.127729402795694,12.762470685328841
101,3602339828,44.81928594450876,12.190524016501186
102,3602398264,46.11426561568765,12.484927898478631
103,3602437996,47.35663984142802,13.626294588207557
104,3602449178,43.167108521458765,12.50425495561124
105,3602451363,46.87542580968959,13.244592702610358
106,3602470461,43.4728869530861,12.44145843049096
107,3602473309,46.06892332554565,12.317077248595119
108,3602476247,42.61356905587942,12.45361354528628
109,3613007265,42.22598574723889,12.515487458645888
110,3616299454,42.30779062425208,12.51641007040656
111,3616301221,42.22598574723889,12.515487458645888
112,3616301222,45.45163047590994,13.657498196423514
113,3616303318,43.71753242790749,12.848304710880416
114,3616328847,46.20870472943631,12.92240537927171
115,3616337912,44.88262875674151,12.773353070964816
116,3616364165,42.4225527567286,12.553900828902973
117,3616370639,43.1840032397621,12.91272673868296
118,3616372572,42.69537393289261,12.454536157046952
119,3616448776,42.075569143609805,12.54476042366067
120,3616463030,45.20960542833896,12.32923236339044
121,3616464353,46.52987918141337,12.108357180935537
122,3616479711,46.52987918141337,12.108357180935537
123,3616479712,43.90453317416688,12.357013611810137
124,3616494863,44.862621815220166,12.320091958148137
125,3616524088,45.25090438056878,12.3350410487976
126,3616571421,46.30736976392459,11.883427111057077
127,3616575413,44.704523812032235,12.153033258004772
128,3616600262,42.33778462881727,12.330123043470753
129,3616739650,44.71737519242338,12.399463076600142
130,3616742872,44.862621815220166,12.320091958148137
131,3616971465,46.14159661606476,12.093408090286074
132,3617020731,43.545560243605216,12.217789272181914
133,3617046129,46.04884189958161,12.636174744166691
134,3617060217,49.73185629913732,12.864843035824139
135,3618561132,41.960807011133284,12.507269665164255
136,3844304757,48.014774691480085,12.417970696906455
137,3887743942,44.704523812032235,12.153033258004772
138,4216958053,45.719701080438234,13.536926899256684
139,4621919687,53.652152295952575,13.305732331111093
140,4861855742,44.34632345894742,13.13380364936234
141,4866498043,43.281870653935286,12.541745714107652
142,4866556660,42.82012490833996,12.495114550368935
143,4866796403,45.2373448730171,13.179418051369762
144,4867037948,46.76826022237911,13.491046904610608
145,4890679003,44.251516787285674,12.366154017052441
146,4890679421,44.704523812032235,12.153033258004772
147,4929934445,51.31080923127601,12.57567136635044
148,4934640784,51.97767423381536,12.556162684293623
149,4934640785,52.30638065720957,12.568110544188018
150,4934640798,52.30638065720957,12.568110544188018
151,4943030743,50.96265251740626,12.753325308934695
152,4977404812,53.47689556967625,13.007189773294064
153,4986576600,47.89553675710259,13.48479971969096
154,4986576602,44.94834487663727,13.082737989914126
155,4987046415,41.87425306336677,12.24983043696202
156,4990747203,50.103385636896846,13.532820216562612
157,4990818188,54.01042475782164,12.94276774549152
158,4990818202,54.01042475782164,12.94276774549152
159,4990818203,53.47689556967625,13.007189773294064
160,4990818204,50.103385636896846,13.532820216562612
161,4990916745,47.373300179646854,13.372651603057776
162,4995306338,45.946898037772606,13.2943999477337
163,4995375968,45.926287575946795,12.983522263585495
164,4995525652,48.6887899737599,12.188195406842508
165,4995554287,42.82012490833996,12.495114550368935
166,4996513443,46.58389674770487,13.4440388228633
167,5156826217,43.35898703777811,11.932230894942895
168,5157553366,43.67031121905258,12.258367665503897
169,5157557275,41.87900213412009,12.506347053403584
170,5157597702,42.82012490833996,12.495114550368935
171,5157598159,42.73832003132678,12.494191938608262
172,5157600984,43.90453317416688,12.357013611810137
173,5157601002,42.82012490833996,12.495114550368935
174,5157603172,44.74262347297401,12.6261686168561
175,5157604846,44.74262347297401,12.6261686168561
176,5157605495,45.314274977822286,12.688908252283994
177,5157609468,44.74262347297401,12.6261686168561
178,5157618944,45.101703097998275,12.129407132187403
179,5158493391,45.20960542833896,12.32923236339044
180,5158493393,46.58168008652427,12.116236674608427
181,5158498295,43.67986528243739,12.303414381624545
182,5158498910,44.57685032511418,12.836149596085097
183,5158499466,44.13287230718396,12.090293622576878
184,5158499758,42.82012490833996,12.495114550368935
185,5158500500,44.251516787285674,12.366154017052441
186,5158502765,42.82012490833996,12.495114550368935
187,5158503725,42.82012490833996,12.495114550368935
188,5158613163,44.0192953066434,12.394504370306551
189,5158646371,41.960807011133284,12.507269665164255
190,5158646385,45.429037110298815,12.726399010780408
191,5158656720,44.229866711995385,12.827009190842793
192,5158656741,45.72193971242685,12.307936843352815
193,5158657042,44.251516787285674,12.366154017052441
194,5158657163,44.229866711995385,12.827009190842793
195,5158657361,43.67632724641604,12.776367780517834
196,5158657679,42.82012490833996,12.495114550368935
197,5158659411,42.82012490833996,12.495114550368935
198,5158660021,42.73832003132678,12.494191938608262
199,5158668269,44.704523812032235,12.153033258004772
200,5158675381,44.704523812032235,12.153033258004772
201,5158677376,46.11426561568765,12.484927898478631
202,5158677997,46.11426561568765,12.484927898478631
203,5158680735,44.251516787285674,12.366154017052441
204,5183223129,40.37731043904219,11.991449364865733
205,5183227844,43.36836012943454,12.340565677925754
206,5183229365,45.47224093773575,13.968375880571719
207,5183231629,43.36836012943454,12.340565677925754
208,5183235189,43.11655141838352,12.577856474526804
209,5183241521,44.229866711995385,12.827009190842793
210,5183253348,41.960807011133284,12.507269665164255
211,5183264727,42.732924087670796,12.568628118746506
212,5183269321,45.47224093773575,13.968375880571719
213,5183270684,44.704523812032235,12.153033258004772
214,5183278451,41.87900213412009,12.506347053403584
215,5183283991,44.36827756570767,13.573684714977583
216,5183284662,43.98069425706714,13.63555862833719
217,5233556246,45.620053409449625,12.626111727163716
218,5240167081,45.96703702256842,12.63525213240602
219,5639697663,46.11426561568765,12.484927898478631
220,5652124676,45.39538551772014,12.572512496978124
221,5652185744,45.767282002568855,12.475787493236327
222,5664420026,50.3425995424746,13.779498009709412
223,5664565673,44.704523812032235,12.153033258004772
224,5664614705,44.704523812032235,12.153033258004772
225,5664614715,44.16971191027248,12.36523140529177
226,5664619126,44.251516787285674,12.366154017052441
227,5681276201,46.11426561568765,12.484927898478631
228,5686475301,47.47166268782138,13.41286657183602
229,5686475302,47.47166268782138,13.41286657183602
230,5686478566,49.74791628503942,13.212570375035124
231,5686478571,49.38964382317035,13.575534960654695
232,5686480908,48.44782960024819,12.744320558903782
233,5686481087,50.39283407437197,12.562852608146013
234,5686481674,50.50248919323615,12.426497432488528
235,5686481730,46.06192088416597,13.080971931362162
236,5686482552,51.912230996891566,12.758392072962385
237,5686487093,45.95226576530179,13.217327107019646
238,5686489939,46.25998488603499,13.123498886741787
239,5686490051,51.912230996891566,12.758392072962385
240,5686495946,45.95226576530179,13.217327107019646
241,5689078498,48.54045454643514,12.835081952801849
242,5689080601,49.95019635009055,13.166976593275706
243,5689089654,47.89553675710259,13.48479971969096
244,5689094237,50.39283407437197,12.562852608146013
245,5689094892,50.39283407437197,12.562852608146013
246,5689096127,50.39283407437197,12.562852608146013
247,5689109653,46.48579495344718,13.152905079217103
248,5689110827,46.48579495344718,13.152905079217103
249,5689113123,49.85930488622658,12.627274635948556
250,5689115010,46.48579495344718,13.152905079217103
251,5689116887,50.39283407437197,12.562852608146013
252,5689117063,49.85930488622658,12.627274635948556
253,5689205506,50.0345616125029,12.925817193765583
254,5689206321,50.39283407437197,12.562852608146013
255,5693520108,46.25687650306948,13.344287390293902
256,5693793637,45.96703702256842,12.63525213240602
257,5695509071,46.12461229173266,12.775130444097169
258,5860100786,42.82012490833996,12.495114550368935
259,5860100797,42.73832003132678,12.494191938608262
260,5860100902,44.344628844471906,12.864499949339207
261,5860100903,42.82012490833996,12.495114550368935
262,5860100904,42.651119210657605,12.567705506985835
263,5860100907,43.12590333996731,12.432318025248655
264,5860100908,42.73832003132678,12.494191938608262
265,5860100909,42.93488704081649,12.53260530886535
266,5860100911,44.229866711995385,12.827009190842793
267,5860100990,42.73832003132678,12.494191938608262
268,5860100991,41.960807011133284,12.507269665164255
269,5860100992,42.73832003132678,12.494191938608262
270,5860100994,42.82012490833996,12.495114550368935
271,5860101296,44.14509858408405,12.603231405410572
272,5860101300,41.960807011133284,12.507269665164255
273,5860101304,42.82012490833996,12.495114550368935
274,5860102685,43.12590333996731,12.432318025248655
275,5860102686,43.638660100945934,12.231477451261963
276,6128134975,44.704523812032235,12.153033258004772
277,6128260148,43.7059706508969,11.9413713001852
278,6128535859,44.50525316160173,12.828197767547366
279,6128883497,46.59628803807684,12.860531465912103
280,6129012404,44.704523812032235,12.153033258004772
281,6136734343,45.101703097998275,12.129407132187403
282,6140116990,50.103385636896846,13.532820216562612
283,6140117330,47.48434811458252,13.364567037036677
284,6140209615,54.01042475782164,12.94276774549152
285,6140681026,50.103385636896846,13.532820216562612
286,6140681027,55.42016656147705,13.274662385965378
287,6142218117,46.11426561568765,12.484927898478631
288,6142218145,47.22126724712568,13.277926145562938
289,6142218168,47.35663984142802,13.626294588207557
290,6142289972,47.44707731453787,13.307332338038254
291,6240242274,43.27313193308653,12.281993791321266
292,6240244342,43.12590333996731,12.432318025248655
293,6530387084,44.251516787285674,12.366154017052441
294,6530412786,45.39538551772014,12.572512496978124
295,6531621288,46.11426561568765,12.484927898478631
296,6531621289,44.81928594450876,12.190524016501186
297,6531637785,47.22126724712568,13.277926145562938
298,6531638385,47.44707731453787,13.307332338038254
299,6533435591,45.946898037772606,13.2943999477337
300,6533435592,47.35663984142802,13.626294588207557
301,6533626086,46.22902774816417,12.522418656975045
302,6533626186,46.11426561568765,12.484927898478631
303,6534999188,47.44707731453787,13.307332338038254
304,6540349317,44.931012642206085,13.00131312764932
305,6542714044,42.82012490833996,12.495114550368935
306,6542714045,43.71753242790749,12.848304710880416
307,6543443555,41.960807011133284,12.507269665164255
308,6543443725,42.82012490833996,12.495114550368935
309,6543443821,42.82012490833996,12.495114550368935
310,6543443910,42.82012490833996,12.495114550368935
311,6543532034,42.82012490833996,12.495114550368935
312,6543653097,43.038702519298134,12.505831593626228
313,6543653914,42.73832003132678,12.494191938608262
314,6543654626,42.82012490833996,12.495114550368935
315,6544985498,44.57685032511418,12.836149596085097
316,6547839681,46.06892332554565,12.317077248595119
317,6547839710,44.55729521891301,12.303357491932163
318,6552541558,44.704523812032235,12.153033258004772
319,6552545707,45.101703097998275,12.129407132187403
320,6552545721,44.704523812032235,12.153033258004772
321,6552545769,45.101703097998275,12.129407132187403
322,6552545839,44.704523812032235,12.153033258004772
323,6552546026,44.704523812032235,12.153033258004772
324,6552546079,44.704523812032235,12.153033258004772
325,6552546204,47.258538047170326,13.335160844561361
326,6552718660,44.704523812032235,12.153033258004772
327,6552718787,44.704523812032235,12.153033258004772
328,6553024890,45.66125859094108,12.698048657526298
329,6554805321,42.82012490833996,12.495114550368935
330,6555011261,43.7059706508969,11.9413713001852
331,6555011287,45.20007771696467,12.032106541148934
332,6555011322,43.7059706508969,11.9413713001852
333,6555011336,43.7059706508969,11.9413713001852
334,6555011343,44.6197556841209,11.929255472572553
335,6555011539,43.7059706508969,11.9413713001852
336,6555663714,43.167108521458765,12.50425495561124
337,6555663895,43.67986528243739,12.303414381624545
338,6555663932,43.67986528243739,12.303414381624545
339,6555764009,43.167108521458765,12.50425495561124
340,6555846867,44.35754019891344,12.14389285276247
341,6557098305,45.39279965028492,13.268541892118748
342,6557186473,44.251516787285674,12.366154017052441
343,6557934075,44.251516787285674,12.366154017052441
344,6558457428,42.61356905587942,12.45361354528628
345,6558457434,46.4944792658551,12.189750242986
346,6558457483,44.704523812032235,12.153033258004772
347,6558522384,44.704523812032235,12.153033258004772
348,6558535320,42.30779062425208,12.51641007040656
349,6558535333,43.085303644445574,12.503332343850566
350,6558539877,44.704523812032235,12.153033258004772
351,6558595691,42.82012490833996,12.495114550368935
352,6558595701,45.579303962828,12.974381858343191
353,6558650287,43.12590333996731,12.432318025248655
354,6558663608,44.53005159315,12.066667496759507
355,6562637107,44.88262875674151,12.773353070964816
356,6562637168,44.57685032511418,12.836149596085097
357,6562637181,46.619347231994375,12.661127003864298
358,6562657496,47.478665129201055,12.648971889068976
359,6562657541,44.10511573654802,12.78643079752081
360,6562657542,44.02331085953483,12.785508185760138
361,6562681369,46.1515364157323,12.542162597477052
362,6564348004,44.81928594450876,12.190524016501186
363,6564348105,44.251516787285674,12.366154017052441
364,6570678865,46.55779137924536,13.806081904302646
365,6570678936,45.45382800721729,13.41139073870851
366,6583584357,45.089607086092805,12.635309022098404
367,6583621577,42.73832003132678,12.494191938608262
368,6585020081,44.05789452769311,12.196493752144288
369,6585024134,46.80634797825376,12.169835904794018
370,6585381377,43.167108521458765,12.50425495561124
371,6585382175,43.167108521458765,12.50425495561124
372,6585382210,42.30779062425208,12.51641007040656
373,6591824235,44.32767787018594,13.644699033579494
374,6641065086,45.584328486135895,13.188558456612066
375,6724800280,41.960807011133284,12.507269665164255
376,6724967315,41.87900213412009,12.506347053403584
377,6727132929,42.73832003132678,12.494191938608262
378,6738443361,44.704523812032235,12.153033258004772
379,6838086425,45.580736427542256,12.549349926281174
380,6838086441,44.704523812032235,12.153033258004772
381,6838086475,42.56654998882553,12.054261665308559
382,6838120864,45.66125859094108,12.698048657526298
383,6838120872,45.66125859094108,12.698048657526298
384,6838139486,46.44602118554765,12.612548618349322
385,6838139501,45.54261411083937,12.422188263050735
386,7008849704,45.314274977822286,12.688908252283994
387,7008849705,47.58244990884021,13.655700780682873
388,7008849911,46.11426561568765,12.484927898478631
389,7021217344,43.085303644445574,12.503332343850566
390,7021265946,44.704523812032235,12.153033258004772
391,7021265957,44.704523812032235,12.153033258004772
392,7021655071,43.167108521458765,12.50425495561124
393,7021655072,42.732924087670796,12.568628118746506
394,7021663798,43.67986528243739,12.303414381624545
395,7021663802,43.167108521458765,12.50425495561124
396,7021663803,43.085303644445574,12.503332343850566
397,7021686037,42.82012490833996,12.495114550368935
398,7022332090,43.085303644445574,12.503332343850566
399,7023269648,45.72193971242685,12.307936843352815
400,7023269692,45.72193971242685,12.307936843352815
401,7023287423,43.60488750294654,12.409614511191958
402,7023330718,43.927126539778,13.288112797453243
403,7023719266,45.32249037137422,12.465257636430103
404,7023723033,46.25998488603499,13.123498886741787
405,7023758621,45.63473889175768,12.381450411730388
406,7023758646,42.651119210657605,12.567705506985835
407,7023758664,43.5980604054242,12.302491769863874
408,7023758681,45.489286406638804,12.067533218827796
409,7023758683,44.704523812032235,12.153033258004772
410,7023800330,46.45720589089426,12.332026339244582
411,7031983699,43.67986528243739,12.303414381624545
412,7035758300,44.251516787285674,12.366154017052441
413,7099988419,46.731660632379175,13.208899908556724
414,7099988426,45.81152544347027,12.946031505089081
415,7099988434,45.719701080438234,13.536926899256684
416,7150372885,42.73832003132678,12.494191938608262
417,7152431186,43.4728869530861,12.44145843049096
418,7429882905,48.32211449548191,12.532948395350282
419,7429882906,48.32211449548191,12.532948395350282
420,7430129242,44.704523812032235,12.153033258004772
421,7430129243,43.167108521458765,12.50425495561124
422,7430602802,43.35898703777811,11.932230894942895
423,7460673544,44.81928594450876,12.190524016501186
424,7460673756,43.25296362615033,12.154492059232867
425,7460673757,44.366278919762195,12.403644775548855
426,7460787047,43.7059706508969,11.9413713001852
427,7460787054,42.168555360323424,12.292592997791665
428,7649007549,44.81928594450876,12.190524016501186
429,7649126861,43.583110398383404,12.331881233881468
430,7660956010,42.73832003132678,12.494191938608262
431,7660956011,42.787844994989314,12.56590861463241
432,7660956013,41.960807011133284,12.507269665164255
433,7661231786,41.08607960591355,12.383897430233063
434,7661231787,42.82012490833996,12.495114550368935
435,7680660033,44.704523812032235,12.153033258004772
436,7868886197,44.81928594450876,12.190524016501186
437,7872710605,43.167108521458765,12.50425495561124
438,7893347765,46.552044597175424,12.390287454059349
439,7911146288,45.66125859094108,12.698048657526298
440,7911325872,48.08532277909835,11.943152036931956
441,7914822389,44.57685032511418,12.836149596085097
442,8006997846,45.600933042292645,12.18865279921829
443,8006997847,45.45370444917342,12.338977033145678
444,8006997860,44.88205294432514,12.276237397717782
445,8023486923,44.704523812032235,12.153033258004772
446,8023486949,47.32356133434658,12.321286437530707
447,8023487210,49.73185629913732,12.864843035824139
448,8085633684,43.20770821698049,12.433240637009328
449,8085633697,43.20770821698049,12.433240637009328
450,8086311243,45.96703702256842,12.63525213240602
451,8086311251,45.96703702256842,12.63525213240602
452,8086311265,44.251516787285674,12.366154017052441
453,8086311295,43.5980604054242,12.302491769863874
454,8086311296,44.12917624166036,12.550808727509269
455,8086311298,44.547943297329226,12.44889594121031
456,8086390735,44.4048781408119,12.205634157386593
457,8086390751,46.59628803807684,12.860531465912103
458,8086390934,46.11426561568765,12.484927898478631
459,8086390991,46.11426561568765,12.484927898478631
460,8086391016,46.11426561568765,12.484927898478631
461,8086391017,46.11426561568765,12.484927898478631
462,8086391083,46.172708105184796,13.323806140209015
463,8086391084,47.48434811458252,13.364567037036677
464,8096948112,46.89902821029422,12.399427859301653
465,8096948113,49.495064582753756,12.275046677405813
466,8165022559,43.5980604054242,12.302491769863874
467,8165022561,43.167108521458765,12.50425495561124
468,8165022562,43.251076792305405,12.29335136462157
469,8165022576,44.6391000959262,12.304280103692834
470,8165022581,43.167108521458765,12.50425495561124
471,8165208473,43.332881669318596,12.294273976382243
472,8165208484,43.332881669318596,12.294273976382243
473,8168095417,42.82012490833996,12.495114550368935
474,8170290255,42.82012490833996,12.495114550368935
475,8178022834,45.204369218569326,12.672799780594818
476,8367625800,42.82012490833996,12.495114550368935
477,8401586469,42.732924087670796,12.568628118746506
478,8401586474,42.82012490833996,12.495114550368935
479,8401586476,42.82012490833996,12.495114550368935
480,8401599267,44.0192953066434,12.394504370306551
481,8401620051,43.81109965632651,12.92892197714175
482,8401620053,42.286595720194576,12.559536578171478
483,8401637174,42.82012490833996,12.495114550368935
484,8401637222,42.732924087670796,12.568628118746506
485,8401666138,41.960807011133284,12.507269665164255
486,8401666139,41.960807011133284,12.507269665164255
487,8401666140,42.82012490833996,12.495114550368935
488,8401675919,42.82012490833996,12.495114550368935
489,8401675920,43.332881669318596,12.294273976382243
490,8401675921,42.82012490833996,12.495114550368935
491,8401675935,42.82012490833996,12.495114550368935
492,8401712933,43.12590333996731,12.432318025248655
493,8401720028,45.72193971242685,12.307936843352815
494,8407884329,42.732924087670796,12.568628118746506
495,8407884333,41.960807011133284,12.507269665164255
496,8407895357,43.167108521458765,12.50425495561124
497,8407895368,43.67986528243739,12.303414381624545
498,8407895375,43.167108521458765,12.50425495561124
499,8407895382,44.839896406334574,12.501401700649392
500,8407935665,47.258538047170326,13.335160844561361
501,8407935666,47.258538047170326,13.335160844561361
502,8407935693,43.167108521458765,12.50425495561124
503,8408014616,42.82012490833996,12.495114550368935
504,8408041860,42.82012490833996,12.495114550368935
505,8408148099,43.167108521458765,12.50425495561124
506,8408171880,42.30779062425208,12.51641007040656
507,8437480749,43.244224905301586,11.894740136446481
508,8438445940,46.11426561568765,12.484927898478631
509,8440260196,46.25998488603499,13.123498886741787
510,8440291476,43.59120851842038,11.903880541688785
511,8464707169,49.495064582753756,12.275046677405813
512,8464707232,44.704523812032235,12.153033258004772
513,8464707265,46.11426561568765,12.484927898478631
514,8467216380,42.82012490833996,12.495114550368935
515,8490078295,43.35898703777811,11.932230894942895
516,8502096760,44.704523812032235,12.153033258004772
517,8503687540,46.89902821029422,12.399427859301653
518,8503757922,44.35754019891344,12.14389285276247
519,8510599040,42.82012490833996,12.495114550368935
520,8515541468,46.06892332554565,12.317077248595119
521,8518071869,43.167108521458765,12.50425495561124
522,8681129841,47.258538047170326,13.335160844561361
523,8722493465,42.82012490833996,12.495114550368935
524,8722493466,42.732924087670796,12.568628118746506
525,8722493476,45.089607086092805,12.635309022098404
526,8722533533,45.869168305546076,12.157612609425426
527,8809117504,45.39538551772014,12.572512496978124
528,8809419503,44.0192953066434,12.394504370306551
529,8809439122,43.90453317416688,12.357013611810137
530,8809439124,46.80634797825376,12.169835904794018
531,8866129306,44.229866711995385,12.827009190842793
532,8866269573,42.82012490833996,12.495114550368935
533,8871511469,42.82012490833996,12.495114550368935
534,8878387247,45.72193971242685,12.307936843352815
535,8893573554,43.167108521458765,12.50425495561124
536,8893573555,47.153331591372556,12.178976310036322
537,8955268608,46.76826022237911,13.491046904610608
538,8955268609,46.76826022237911,13.491046904610608
539,8955268610,45.204369218569326,12.672799780594818
540,8955268611,44.6916124575907,12.87364035458151
541,8955268619,46.02302145710629,12.39639950237985
542,8955268636,46.11022227777546,12.32288593400228
543,8955268650,43.20770821698049,12.433240637009328
544,8955268696,42.22598574723889,12.515487458645888
545,8955428170,44.251516787285674,12.366154017052441
546,8955428175,43.7059706508969,11.9413713001852
547,8955428178,47.35663984142802,13.626294588207557
548,8955428179,48.56307339502796,12.51087095051018
549,8955804850,45.101703097998275,12.129407132187403
550,8955805055,44.704523812032235,12.153033258004772
551,8955805067,43.15797693496468,12.279663185541521
552,8955805068,44.81928594450876,12.190524016501186
553,8969230366,45.54261411083937,12.422188263050735
554,8969230367,47.44707731453787,13.307332338038254
555,8995230459,45.96703702256842,12.63525213240602
556,8995230484,44.57685032511418,12.836149596085097
557,9005721636,47.153331591372556,12.178976310036322
558,9005721688,47.22126724712568,13.277926145562938
559,9005737726,43.98564371406473,12.240617856504267
560,9005737749,45.47224093773575,13.968375880571719
561,9005737786,44.704523812032235,12.153033258004772
562,9006045725,43.5980604054242,12.302491769863874
563,9006045756,43.5980604054242,12.302491769863874
564,9006045915,42.61356905587942,12.45361354528628
565,9006045924,42.61356905587942,12.45361354528628
566,9017710961,46.11426561568765,12.484927898478631
567,9017710962,46.89902821029422,12.399427859301653
568,9017718202,46.11426561568765,12.484927898478631
569,9017718214,45.695498560018784,12.586840684777588
570,9017718238,46.44602118554765,12.612548618349322
571,9017718247,47.35663984142802,13.626294588207557
572,9037238068,45.946898037772606,13.2943999477337
573,9037238431,45.946898037772606,13.2943999477337
574,9037238494,45.502523609122704,13.187635844851393
575,9037278573,46.11426561568765,12.484927898478631
576,9037278574,46.11426561568765,12.484927898478631
577,9037283005,44.704523812032235,12.153033258004772
578,9037300580,45.489286406638804,12.067533218827796
579,9037756691,47.35663984142802,13.626294588207557
580,9037756692,45.946898037772606,13.2943999477337
581,9037995404,46.20870472943631,12.92240537927171
582,9038098195,45.007802209079614,12.634386410337731
583,9038139246,46.11426561568765,12.484927898478631
584,9038173891,46.51144490165369,12.46130177266126
585,9038173989,46.89902821029422,12.399427859301653
586,9038174071,45.66125859094108,12.698048657526298
587,9038174156,45.939793396805406,12.398562137233364
588,9038174157,45.54261411083937,12.422188263050735
589,9038867415,46.11426561568765,12.484927898478631
590,9038873346,46.11426561568765,12.484927898478631
591,9038899318,46.11426561568765,12.484927898478631
592,9039719145,46.51144490165369,12.46130177266126
593,9039719146,46.11426561568765,12.484927898478631
594,9039991506,46.51144490165369,12.46130177266126
595,9039991507,46.11426561568765,12.484927898478631
596,9039991512,46.51144490165369,12.46130177266126
597,9040098233,46.11426561568765,12.484927898478631
598,9040098234,46.11426561568765,12.484927898478631
599,9040134185,46.51144490165369,12.46130177266126
600,9040147147,46.11426561568765,12.484927898478631
601,9040489476,46.11426561568765,12.484927898478631
602,9041571743,44.704523812032235,12.153033258004772
603,9041571744,44.704523812032235,12.153033258004772
604,9041571745,44.704523812032235,12.153033258004772
605,9041571747,44.704523812032235,12.153033258004772
606,9041571748,46.05843787690712,12.67442253170893
607,9041571749,46.51144490165369,12.46130177266126
608,9041620258,46.11426561568765,12.484927898478631
609,9041620311,44.704523812032235,12.153033258004772
610,9041620312,44.704523812032235,12.153033258004772
611,9041620490,45.580736427542256,12.549349926281174
612,9041786788,45.66125859094108,12.698048657526298
613,9041786800,46.11426561568765,12.484927898478631
614,9041786801,46.11426561568765,12.484927898478631
615,9041786802,46.51144490165369,12.46130177266126
616,9041786803,46.51144490165369,12.46130177266126
617,9041786804,46.11426561568765,12.484927898478631
618,9041787294,46.22902774816417,12.522418656975045
619,9041787295,46.22902774816417,12.522418656975045
620,9041787609,46.11426561568765,12.484927898478631
621,9041787868,46.22902774816417,12.522418656975045
622,9043284003,46.14425962025284,12.298640871542824
623,9043284004,46.22902774816417,12.522418656975045
624,9043392223,46.11426561568765,12.484927898478631
625,9043400523,46.11426561568765,12.484927898478631
626,9043447539,46.11426561568765,12.484927898478631
627,9043447540,46.11426561568765,12.484927898478631
628,9043472065,46.11426561568765,12.484927898478631
629,9043472068,46.11426561568765,12.484927898478631
630,9044145001,46.11426561568765,12.484927898478631
631,9044145002,45.314274977822286,12.688908252283994
632,9044145003,45.314274977822286,12.688908252283994
633,9044145004,45.314274977822286,12.688908252283994
634,9044145005,42.82012490833996,12.495114550368935
635,9044145006,44.47230233138997,12.181383611258884
636,9044145007,45.767282002568855,12.475787493236327
637,9044145008,45.767282002568855,12.475787493236327
638,9044145009,45.767282002568855,12.475787493236327
639,9044145010,45.767282002568855,12.475787493236327
640,9044145011,45.767282002568855,12.475787493236327
641,9044145012,45.767282002568855,12.475787493236327
642,9044145013,45.314274977822286,12.688908252283994
643,9044148523,45.767282002568855,12.475787493236327
644,9044148524,44.229866711995385,12.827009190842793
645,9044148525,44.74262347297401,12.6261686168561
646,9044148526,44.74262347297401,12.6261686168561
647,9044148527,44.74262347297401,12.6261686168561
648,9044148528,47.644438277060885,12.43899090983998
649,9044148529,47.13168151608226,12.639831483826672
650,9044148530,44.29211648280741,12.29513969845053
651,9044148531,44.29211648280741,12.29513969845053
652,9044148532,46.099037572428855,12.603408213107018
653,9044148533,48.6950739448884,12.479027031211178
654,9044148534,47.13168151608226,12.639831483826672
655,9044148535,46.22902774816417,12.522418656975045
656,9044148536,44.03130418872541,12.411366879217853
657,9044148537,45.115712454552316,12.273265940659057
658,9044148538,45.115712454552316,12.273265940659057
659,9044148539,45.115712454552316,12.273265940659057
660,9044148540,45.115712454552316,12.273265940659057
661,9044148541,45.115712454552316,12.273265940659057
662,9044148542,45.115712454552316,12.273265940659057
663,9044148543,45.115712454552316,12.273265940659057
664,9044148544,46.89902821029422,12.399427859301653
665,9044148545,49.495064582753756,12.275046677405813
666,9044148546,46.89902821029422,12.399427859301653
667,9044148562,48.56307339502796,12.51087095051018
668,9044148563,45.96703702256842,12.63525213240602
669,9044148564,45.115712454552316,12.273265940659057
670,9044148565,44.19119123863724,11.85675815874443
671,9044148566,44.19119123863724,11.85675815874443
672,9044148567,44.19119123863724,11.85675815874443
673,9044148568,44.19119123863724,11.85675815874443
674,9044148569,43.1926380775019,11.645096200924858
675,9044148570,46.385695636899214,12.103152760041311
676,9044148571,46.385695636899214,12.103152760041311
677,9044148572,47.47808931678468,12.151856215821942
678,9044148573,44.5762745126978,12.339033922838063
679,9044148574,48.049740821632966,12.214595851249838
680,9045491308,44.31572181668696,12.477246294464422
681,9046380314,45.81152544347027,12.946031505089081
682,9046386954,43.79462741491391,12.34090514012096
683,9046386962,42.61356905587942,12.45361354528628
684,9047202062,42.68131212130206,12.091752423804973
685,9047202065,44.704523812032235,12.153033258004772
686,9047202069,44.704523812032235,12.153033258004772
687,9047202071,45.101703097998275,12.129407132187403
688,9047202084,43.4728869530861,12.44145843049096
689,9047218227,43.98564371406473,12.240617856504267
690,9047218238,43.98564371406473,12.240617856504267
691,9047218250,46.06892332554565,12.317077248595119
692,9047271051,45.416161280799514,12.370733368473095
693,9047271060,45.869168305546076,12.157612609425426
694,9047271069,44.35754019891344,12.14389285276247
695,9047345154,44.74262347297401,12.6261686168561
696,9047356044,43.90453317416688,12.357013611810137
697,9047356056,44.35754019891344,12.14389285276247
698,9047356057,44.35754019891344,12.14389285276247
699,9047356058,44.35754019891344,12.14389285276247
700,9047356059,44.35754019891344,12.14389285276247
701,9047356060,44.35754019891344,12.14389285276247
702,9047356061,44.35754019891344,12.14389285276247
703,9047356062,44.35754019891344,12.14389285276247
704,9047356063,44.35754019891344,12.14389285276247
705,9047356064,44.35754019891344,12.14389285276247
706,9047356065,44.35754019891344,12.14389285276247
707,9047356066,45.66918020831117,12.18465374959013
708,9047386216,45.66125859094108,12.698048657526298
709,9047386223,46.05843787690712,12.67442253170893
710,9048048942,46.44602118554765,12.612548618349322
711,9048159116,45.66125859094108,12.698048657526298
712,9048254253,46.89902821029422,12.399427859301653
713,9048254254,49.495064582753756,12.275046677405813
714,9048288533,49.495064582753756,12.275046677405813
715,9048331745,46.11426561568765,12.484927898478631
716,9048493616,48.08532277909835,11.943152036931956
717,9048543326,45.489286406638804,12.067533218827796
718,9048761448,46.89902821029422,12.399427859301653
719,9048866988,49.042057558007194,12.488167436453482
720,9048884755,45.96703702256842,12.63525213240602
721,9048884872,45.96703702256842,12.63525213240602
722,9048884968,45.96703702256842,12.63525213240602
723,9048884969,48.56307339502796,12.51087095051018
724,9048885044,46.04884189958161,12.636174744166691
725,9048885221,44.96443363375471,12.77427568272549
726,9048885222,46.11426561568765,12.484927898478631
727,9049229972,46.164461288534895,12.452161367418956
728,9049229973,46.164461288534895,12.452161367418956
729,9049239974,45.767282002568855,12.475787493236327
730,9049273486,43.90453317416688,12.357013611810137
731,9049293958,43.90453317416688,12.357013611810137
732,9050306003,45.81152544347027,12.946031505089081
733,9050306418,46.874283634006886,13.268785740320634
734,9050306449,46.874283634006886,13.268785740320634
735,9050306858,43.90453317416688,12.357013611810137
736,9050330812,45.946898037772606,13.2943999477337
737,9050330813,45.946898037772606,13.2943999477337
738,9050917391,46.196608717530836,13.428307269182712
739,9051091408,47.22126724712568,13.277926145562938
740,9051091409,47.22126724712568,13.277926145562938
741,9051234078,47.58244990884021,13.655700780682873
742,9051784554,46.11426561568765,12.484927898478631
743,9051784591,46.11426561568765,12.484927898478631
744,9051791523,46.11426561568765,12.484927898478631
745,9051791974,47.22126724712568,13.277926145562938
746,9051792408,47.44707731453787,13.307332338038254
747,9051792565,45.54261411083937,12.422188263050735
748,9051792752,45.54261411083937,12.422188263050735
749,9051792753,45.54261411083937,12.422188263050735
750,9051792754,46.11426561568765,12.484927898478631
751,9051792998,46.11426561568765,12.484927898478631
752,9051792999,44.13287230718396,12.090293622576878
753,9051793000,43.167108521458765,12.50425495561124
754,9051793001,44.251516787285674,12.366154017052441
755,9051899209,46.11426561568765,12.484927898478631
756,9051902830,45.580736427542256,12.549349926281174
757,9053429112,44.704523812032235,12.153033258004772
758,9053457829,45.946898037772606,13.2943999477337
759,9053457830,46.59628803807684,12.860531465912103
760,9053457831,44.704523812032235,12.153033258004772
761,9053457832,44.704523812032235,12.153033258004772
762,9053457833,44.704523812032235,12.153033258004772
763,9053457834,44.704523812032235,12.153033258004772
764,9053457835,44.704523812032235,12.153033258004772
765,9053457845,44.704523812032235,12.153033258004772
766,9053457846,44.704523812032235,12.153033258004772
767,9053457847,45.101703097998275,12.129407132187403
768,9053457848,45.489286406638804,12.067533218827796
769,9053457849,45.489286406638804,12.067533218827796
770,9053457850,44.704523812032235,12.153033258004772
771,9053457851,45.101703097998275,12.129407132187403
772,9053457852,45.489286406638804,12.067533218827796
773,9053457864,44.704523812032235,12.153033258004772
774,9054244443,45.767282002568855,12.475787493236327
775,9054244444,44.81928594450876,12.190524016501186
776,9054244445,44.229866711995385,12.827009190842793
777,9054244481,47.644438277060885,12.43899090983998
778,9054387069,46.11426561568765,12.484927898478631
779,9054594595,46.11426561568765,12.484927898478631
780,9054594596,45.115712454552316,12.273265940659057
781,9054739661,45.47224093773575,13.968375880571719
782,9058170927,44.74262347297401,12.6261686168561
783,9058170939,47.55133841972017,12.425302730759931
784,9058170970,44.617450020635914,12.765135277483186
785,9058170971,44.229866711995385,12.827009190842793
786,9058170972,44.229866711995385,12.827009190842793
787,9058170973,46.42127660926032,13.481906499368304
788,9058171049,47.72624315407408,12.439913521600653
789,9058171122,44.682873736741946,12.613888431795123
790,9058171259,44.14266589132621,12.900522759220364
791,9058171260,45.314274977822286,12.688908252283994
792,9058171261,46.27236361887557,12.651986598621994
793,9062678107,42.73832003132678,12.494191938608262
794,9062819921,43.900650826541685,12.118643975830988
795,9062819939,44.931012642206085,13.00131312764932
796,9062819979,45.579303962828,12.974381858343191
797,9062819980,42.57539899357747,12.424134373768547
798,9062819981,43.93245948107075,12.789651169829746
799,9062820031,42.82012490833996,12.495114550368935
800,9063177501,44.35754019891344,12.14389285276247
801,9063177502,44.35754019891344,12.14389285276247
802,9064279822,44.35754019891344,12.14389285276247
803,9064279823,43.21730419430601,12.471488424551564
804,9064580277,44.38013356452457,13.074992038405574
805,9064580278,44.35754019891344,12.14389285276247
806,9064580283,45.14230279352001,12.058392813585492
807,9064580284,44.75471948487948,12.120266726945099
808,9065303508,43.927126539778,13.288112797453243
809,9066267154,41.960807011133284,12.507269665164255
810,9066268839,43.27313193308653,12.281993791321266
811,9066268840,43.27313193308653,12.281993791321266
812,9066268841,42.50101485654902,12.220635337739015
813,9066268842,43.32373639947754,12.406584448533666
814,9075854278,44.5155061588269,13.423360481050194
815,9075854451,45.825724492066,13.314665734966711
816,9075854823,45.01153480560491,13.150011858894446
817,9075986598,45.825724492066,13.314665734966711
818,9077071020,44.82717133093067,13.103003777147139
819,9077972378,43.470110843437396,12.73748698108594
820,9077972402,47.35022842819794,13.684051133936983
821,9077972403,45.94048662454252,13.352156493463125
822,9077972513,44.879852647092804,13.069381621559797
823,9077972514,44.60136126351848,13.073597584671823
824,9078947293,47.009656228309225,13.617154182965255
825,9078947749,42.9554975026423,12.843482993013554
826,9078948030,42.9554975026423,12.843482993013554
827,9079430785,42.38226636951734,13.044498578526735
828,9079430786,43.84235841186667,13.064335012021024
829,9079430787,43.39359735163261,13.352534825255786
830,9080309067,44.229866711995385,12.827009190842793
831,9080309068,44.229866711995385,12.827009190842793
832,9081760384,46.552044597175424,12.390287454059349
833,9081760385,44.35754019891344,12.14389285276247
834,9081765980,45.59991442465381,13.285259542491396
835,9091462666,45.946898037772606,13.2943999477337
836,9094691601,45.72193971242685,12.307936843352815
837,9094691602,45.72193971242685,12.307936843352815
838,9108779744,42.732924087670796,12.568628118746506
839,9108779756,48.56307339502796,12.51087095051018
840,9108779766,45.10771912536174,12.64740724720134
841,9108779767,44.55729521891301,12.303357491932163
842,9108779768,44.79542793607234,12.84686663934239
843,9108779779,43.71753242790749,12.848304710880416
844,9126710941,47.35663984142802,13.626294588207557
845,9130272910,46.77618183974919,12.977651996674439
846,9130341613,44.16971191027248,12.36523140529177
847,9130341614,44.16971191027248,12.36523140529177
848,9130341615,43.5980604054242,12.302491769863874
849,9130341622,42.61356905587942,12.45361354528628
850,9130341631,43.67986528243739,12.303414381624545
851,9130341632,42.30779062425208,12.51641007040656
852,9130341633,43.085303644445574,12.503332343850566
853,9130341634,43.4728869530861,12.44145843049096
854,9130341636,43.167108521458765,12.50425495561124
855,9130341637,44.251516787285674,12.366154017052441
856,9130341638,44.251516787285674,12.366154017052441
857,9130341639,44.704523812032235,12.153033258004772
858,9130341686,44.704523812032235,12.153033258004772
859,9130341741,44.17099462388685,12.217455285807315
860,9130341769,43.167108521458765,12.50425495561124
861,9130341791,43.167108521458765,12.50425495561124
862,9130341796,43.167108521458765,12.50425495561124
863,9130341806,42.22598574723889,12.515487458645888
864,9130341815,43.167108521458765,12.50425495561124
865,9130341849,43.167108521458765,12.50425495561124
866,9130341850,42.168555360323424,12.292592997791665
867,9130341861,43.17244146275151,12.005793327987742
868,9130341876,44.704523812032235,12.153033258004772
869,9135427461,43.4728869530861,12.44145843049096
870,9135427470,46.06892332554565,12.317077248595119
871,9135427478,43.4728869530861,12.44145843049096
872,9135427498,43.167108521458765,12.50425495561124
873,9135427499,45.089607086092805,12.635309022098404
874,9135427500,43.71753242790749,12.848304710880416
875,9135427501,43.085303644445574,12.503332343850566
876,9135427502,46.06892332554565,12.317077248595119
877,9135445555,42.61356905587942,12.45361354528628
878,9240914534,42.73832003132678,12.494191938608262
879,9240914535,45.59280978368661,12.389421731991062
880,9240914589,46.164461288534895,12.452161367418956
881,9240917406,46.24930442495805,12.851391060669801
882,9240917442,42.73832003132678,12.494191938608262
883,9240917456,42.82012490833996,12.495114550368935
884,9341252816,43.62011554620533,12.29113419656357
885,9341257217,46.01616382142996,12.193794154832434
886,9341257218,46.172708105184796,13.323806140209015
887,9341257219,45.946898037772606,13.2943999477337
888,9341257220,45.489286406638804,12.067533218827796
889,9341257221,44.704523812032235,12.153033258004772
890,9341257222,44.704523812032235,12.153033258004772
891,9341257223,45.101703097998275,12.129407132187403
892,9349198123,47.258538047170326,13.335160844561361
893,9349198124,47.258538047170326,13.335160844561361
894,9349198125,46.1515364157323,12.542162597477052
895,9349198126,44.704523812032235,12.153033258004772
896,9349198127,44.17099462388685,12.217455285807315
897,9349198128,44.704523812032235,12.153033258004772
898,9349198129,44.704523812032235,12.153033258004772
899,9349198130,44.704523812032235,12.153033258004772
900,9349198132,44.704523812032235,12.153033258004772
901,9349198133,47.258538047170326,13.335160844561361
902,9349198134,44.13287230718396,12.090293622576878
903,9349198135,44.13287230718396,12.090293622576878
904,9349198136,44.13287230718396,12.090293622576878
905,9349198137,45.81152544347027,12.946031505089081
906,9349198149,46.03733551088246,12.975437697564397
907,9349198154,44.704523812032235,12.153033258004772
908,9415590052,46.619347231994375,12.661127003864298
909,9415590059,44.88262875674151,12.773353070964816
910,9415590060,43.4728869530861,12.44145843049096
911,9415590099,43.4728869530861,12.44145843049096
912,9415590107,44.16971191027248,12.36523140529177
913,9415596355,44.88262875674151,12.773353070964816
914,9415596356,47.478665129201055,12.648971889068976
915,9415596365,46.619347231994375,12.661127003864298
916,9415596373,46.619347231994375,12.661127003864298
917,9415596374,47.478665129201055,12.648971889068976
918,9415596379,47.478665129201055,12.648971889068976
919,9415596565,47.478665129201055,12.648971889068976
920,9425008174,46.11426561568765,12.484927898478631
921,9425020618,43.98564371406473,12.240617856504267
922,9425020619,46.89902821029422,12.399427859301653
923,9425020632,47.478665129201055,12.648971889068976
924,9425020685,44.02331085953483,12.785508185760138
925,9426676206,46.11426561568765,12.484927898478631
926,9426676209,46.11426561568765,12.484927898478631
927,9426676210,44.251516787285674,12.366154017052441
928,9426693249,46.89902821029422,12.399427859301653
929,9426693435,49.495064582753756,12.275046677405813
930,9426693436,46.44602118554765,12.612548618349322
931,9426693437,44.02331085953483,12.785508185760138
932,9426693438,48.08532277909835,11.943152036931956
933,9426693488,48.56307339502796,12.51087095051018
934,9426693516,45.66125859094108,12.698048657526298
935,9426693517,49.495064582753756,12.275046677405813
936,9426865448,44.704523812032235,12.153033258004772
937,9426885724,44.704523812032235,12.153033258004772
938,9426885733,47.373300179646854,13.372651603057776
939,9426885751,46.68688654232205,13.272421209133466
940,9426885752,46.15209764335898,13.012928456060811
941,9426885764,43.5980604054242,12.302491769863874
942,9426885777,43.67986528243739,12.303414381624545
943,9426885800,43.4728869530861,12.44145843049096
944,9426885829,43.167108521458765,12.50425495561124
945,9426885841,43.4728869530861,12.44145843049096
946,9426885857,43.25296362615033,12.154492059232867
947,9434286443,45.007802209079614,12.634386410337731
948,9434286464,45.101703097998275,12.129407132187403
949,9434286472,45.101703097998275,12.129407132187403
950,9434286536,48.08532277909835,11.943152036931956
951,9434286561,44.704523812032235,12.153033258004772
952,9434286576,45.489286406638804,12.067533218827796
953,9434286676,46.51144490165369,12.46130177266126
954,9434286800,46.11426561568765,12.484927898478631
955,9434465259,45.27799625532488,13.010453532891624
956,9434465260,45.81152544347027,12.946031505089081
957,9434465279,42.68131212130206,12.091752423804973
958,9434493825,45.946898037772606,13.2943999477337
959,9441911252,43.470110843437396,12.73748698108594
960,9441911347,42.6559211569763,12.572833105013673
961,9446059470,45.66125859094108,12.698048657526298
962,9446059496,45.66125859094108,12.698048657526298
963,9446059505,43.71753242790749,12.848304710880416
964,9446059538,44.88262875674151,12.773353070964816
965,9446059560,44.57685032511418,12.836149596085097
966,9455565951,45.489286406638804,12.067533218827796
967,9458218260,43.48531094726522,12.876655064134527
968,9458275492,43.572511767934394,12.803141495756956
969,9458275502,45.72193971242685,12.307936843352815
970,9458275520,45.71654376877087,12.38237302349106
971,9620818746,43.12590333996731,12.432318025248655
972,9620818774,42.82012490833996,12.495114550368935
973,9624072935,42.82012490833996,12.495114550368935
974,9698460672,44.229866711995385,12.827009190842793
975,9698460673,44.59408763311986,13.603090907452899
976,9727026076,47.153331591372556,12.178976310036322
977,9727041158,47.153331591372556,12.178976310036322
978,9727041178,43.554691830099294,12.44238104225163
979,9727041223,44.704523812032235,12.153033258004772
980,9727041441,44.251516787285674,12.366154017052441
981,9727041442,43.67986528243739,12.303414381624545
982,9727041443,43.167108521458765,12.50425495561124
983,9727041454,42.30779062425208,12.51641007040656
984,9727041455,42.30779062425208,12.51641007040656
985,9727041500,43.98564371406473,12.240617856504267
986,9839879655,45.66125859094108,12.698048657526298
987,9839880019,44.704523812032235,12.153033258004772
988,9856591216,45.57945371392789,12.697126045765627
989,9866209016,42.34839031977381,12.445395751804648
990,9942699284,43.167108521458765,12.50425495561124
991,9942699289,41.309237463116744,12.304748112586985
992,9942699298,42.526827822192494,11.929628412172093
993,9942699307,42.4225527567286,12.553900828902973
994,9942699308,43.281870653935286,12.541745714107652
995,9942699309,43.734877678681855,12.328624955059984
996,9990460523,43.4728869530861,12.44145843049096
997,9990460544,43.085303644445574,12.503332343850566
998,9990460576,45.489286406638804,12.067533218827796
999,9990460618,44.704523812032235,12.153033258004772
1000,9990460619,44.704523812032235,12.153033258004772
1001,9990460620,44.704523812032235,12.153033258004772
1002,10681360722,42.82012490833996,12.495114550368935
1003,10682182129,45.59991442465381,13.285259542491396
1004,10682182207,42.82012490833996,12.495114550368935
1005,10682182221,42.82012490833996,12.495114550368935
1006,10682188662,42.82012490833996,12.495114550368935
1007,10682188701,42.04800783180245,12.433756096786684
1008,10682206085,42.82012490833996,12.495114550368935
1009,10682241960,42.82012490833996,12.495114550368935
1010,10682241975,42.82012490833996,12.495114550368935
1011,10682253951,41.960807011133284,12.507269665164255
1012,10682264522,42.82012490833996,12.495114550368935
1013,10682267714,42.82012490833996,12.495114550368935
1014,10682267753,42.82012490833996,12.495114550368935
1015,10682270560,42.651119210657605,12.567705506985835
1016,10682320401,42.82012490833996,12.495114550368935
1017,10682321512,42.82012490833996,12.495114550368935
1018,10682321513,42.82012490833996,12.495114550368935
1019,10682336726,42.73832003132678,12.494191938608262
1020,10696473835,42.7993524811732,12.358696004184786
1021,10701193539,43.167108521458765,12.50425495561124
1022,10703920561,45.01153480560491,13.150011858894446
1023,10703922119,46.42127660926032,13.481906499368304
1024,10703925806,42.82012490833996,12.495114550368935
1025,10703958325,43.12590333996731,12.432318025248655
1026,10711367665,46.172708105184796,13.323806140209015
1027,10711393831,46.172708105184796,13.323806140209015
1028,10712372888,46.59628803807684,12.860531465912103
1029,10719323925,43.90453317416688,12.357013611810137
1030,10721845729,42.075569143609805,12.54476042366067
1031,10727868802,44.704523812032235,12.153033258004772
1032,10727878690,44.704523812032235,12.153033258004772
1033,10727897822,44.704523812032235,12.153033258004772
1034,10727897918,44.704523812032235,12.153033258004772
1035,10727900239,44.704523812032235,12.153033258004772
1036,10727901816,43.59120851842038,11.903880541688785
1037,10727908094,44.704523812032235,12.153033258004772
1038,10727941179,39.60519336250468,11.930090911283482
1039,10727945133,42.33432850818326,12.082612018562669
1040,10752730139,46.11426561568765,12.484927898478631
1041,10771181448,42.82012490833996,12.495114550368935
1042,10771181665,44.251516787285674,12.366154017052441
1043,10772738894,42.82012490833996,12.495114550368935
1044,10780629507,44.16971191027248,12.36523140529177
1045,10813988884,44.81928594450876,12.190524016501186
1046,10827468259,44.704523812032235,12.153033258004772
1047,10827468261,46.01616382142996,12.193794154832434
1048,10827468934,46.01616382142996,12.193794154832434
1049,10827468935,46.01616382142996,12.193794154832434
1050,10828574589,42.93488704081649,12.53260530886535
1051,10828675098,42.82012490833996,12.495114550368935
1052,10829001156,44.839896406334574,12.501401700649392
1053,10829001157,44.839896406334574,12.501401700649392
1054,10829001158,44.839896406334574,12.501401700649392
1055,10829001159,44.704523812032235,12.153033258004772
1056,10829001160,44.704523812032235,12.153033258004772
1057,10829001161,44.704523812032235,12.153033258004772
1058,10829001162,44.704523812032235,12.153033258004772
1059,10829001163,44.704523812032235,12.153033258004772
1060,10829001164,44.704523812032235,12.153033258004772
1061,10829001165,44.704523812032235,12.153033258004772
1062,10829023869,44.704523812032235,12.153033258004772
1063,10831427956,44.229866711995385,12.827009190842793
1064,10864966591,47.48434811458252,13.364567037036677
1065,10864966592,47.48434811458252,13.364567037036677
1066,10864966593,45.946898037772606,13.2943999477337
1067,10864966594,47.258538047170326,13.335160844561361
1068,10864966595,46.98081293100231,13.242702037903413
1069,10865214940,43.12590333996731,12.432318025248655
1070,10899951331,42.732924087670796,12.568628118746506
1071,10939068651,42.82012490833996,12.495114550368935
1072,10939102174,41.514478643657064,12.498178124589227
1073,10967379035,45.01761066029463,11.98213219701286
1074,10967380031,44.704523812032235,12.153033258004772
1075,10967405078,43.7059706508969,11.9413713001852
1076,10967419925,44.704523812032235,12.153033258004772
1077,10967422912,44.704523812032235,12.153033258004772
1078,10967429110,43.53291472553616,12.364647764941141
1079,10967441797,44.704523812032235,12.153033258004772
1080,10967444617,43.583110398383404,12.331881233881468
1081,10968195003,41.87900213412009,12.506347053403584
1082,10968208883,44.81928594450876,12.190524016501186
1083,10968213007,41.87900213412009,12.506347053403584
1084,10969119346,47.12316545286799,12.986792401916741
1085,11007144246,49.042057558007194,12.488167436453482
1086,11007147850,46.22902774816417,12.522418656975045
1087,11007147851,44.704523812032235,12.153033258004772
1088,11007147852,46.59628803807684,12.860531465912103
1089,11007150982,45.81461994446731,12.53752879786045
1090,11007157680,45.473280551200226,13.196643022633163
1091,11007157681,45.926287575946795,12.983522263585495
1092,11007159178,46.1600091275309,13.146160273128828
1093,11007160192,46.46913461522835,13.406548064366886
1094,11007160193,46.11426561568765,12.484927898478631
1095,11007160195,45.81152544347027,12.946031505089081
1096,11007162243,46.58389674770487,13.4440388228633
1097,11007162694,49.042057558007194,12.488167436453482
1098,11007162695,44.9240202172706,12.726284981248408
1099,11007166853,47.35663984142802,13.626294588207557
1100,11007166854,44.92790885337628,12.90204103575195
1101,11007166855,49.19232441053638,12.736150284016263
1102,11007166856,45.81152544347027,12.946031505089081
1103,11007169628,47.35663984142802,13.626294588207557
1104,11007169871,46.822098105489026,12.889937658387419
1105,11007170680,46.15209764335898,13.012928456060811
1106,11007171962,45.699090618612416,13.226049215108478
1107,11007176498,45.926287575946795,12.983522263585495
1108,11007177304,45.81461994446731,12.53752879786045
1109,11007178144,44.88262875674151,12.773353070964816
1110,11007178970,46.823110653282626,13.6907166160101
1111,11007178971,46.1991087521108,12.884157591729474
1112,11007179847,48.00602984173225,13.19242610638596
1113,11007180406,43.167108521458765,12.50425495561124
1114,11007181205,44.274110152896796,13.297253202695547
1115,11007181206,46.03733551088246,12.975437697564397
1116,11007181305,46.822098105489026,12.889937658387419
1117,11028552887,43.332881669318596,12.294273976382243
1118,11028554185,42.732924087670796,12.568628118746506
1119,11029501636,39.60519336250468,11.930090911283482
1120,11061139369,40.96225384999795,12.295607707344683
1121,11061143989,42.732924087670796,12.568628118746506
1122,11061145950,40.96225384999795,12.295607707344683
1123,11061148746,42.73832003132678,12.494191938608262
1124,11061173512,42.534361564400825,12.152985807121567
1125,11061173513,43.332881669318596,12.294273976382243
1126,11061174118,42.93488704081649,12.53260530886535
1127,11061904073,46.26384755566131,12.998947516712063
1128,11067339956,45.17415494404946,13.112144182389443
1129,11070804186,46.731660632379175,13.208899908556724
1130,11085847559,45.81152544347027,12.946031505089081
1131,11091257020,44.11930350381016,13.738478389190078
1132,11257992148,43.085303644445574,12.503332343850566
1133,11298775257,43.07990770078959,12.57776852398881
1134,11298788092,43.07990770078959,12.57776852398881
